width,height,rtt
100,100,40903.24249999999
200,200,40654.4406
500,500,40734.4824
1000,1000,42131.197
2000,2000,42968.4212
3000,3000,50370.4486
4000,4000,57531.92425
